"title","pCategoryName","pCategoryID","sCategoryName","sCategoryID","itemId","price"
"Heavy Duty Shockproof Case For Samsung Galaxy S22 S22+ S22 Ultra Rugged Cover","Cases, Covers & Skins","20349","","","154842416215","8.98"
"Waterproof Case For Samsung Galaxy S22, S22+, S22 Ultra 5G Plus Screen Protector","Cases, Covers & Skins","20349","","","185341128189","16.98"
"For Samsung Galaxy S22/S22 Plus/S22 Ultra Case+Belt Clip Fits Otterbox Defender","Cases, Covers & Skins","20349","","","393908860252","6.95"
"METAL ALUMINIUM SHOCK CASE COVER FOR SAMSUNG GALAXY S22 S21 Ultra S10 8 S20 Plus","Cases, Covers & Skins","20349","","","203744989205","15.96"
"For Samsung Galaxy S22 Ultra / S22 Plus / S22 Case Clear Shockproof Rugged Cover","Cases, Covers & Skins","20349","","","154840044955","6.92"
"For Samsung Galaxy S22 Ultra Plus Case Shockproof Camera Slide Ring Stand Cover","Cases, Covers & Skins","20349","","","284570335926","7.95"
"Shockproof Clear Case For Samsung Galaxy S22 | S22+ S22 Ultra Slim Hybrid Cover","Cases, Covers & Skins","20349","","","154837970861","7.88"
"For Samsung Galaxy S22 22 21 21+ Ultra Shockproof Case Cover + Screen Protector","Cases, Covers & Skins","20349","","","124553836348","9.99"
"Shockproof Case For Samsung Galaxy S22 S22+ S22 Ultra Rugged Cover + Belt Clip","Cases, Covers & Skins","20349","","","154892727069","9.99"
"For Samsung Galaxy S22 / Plus / Ultra Case Wallet Pouch+Tempered Glass Protector","Cases, Covers & Skins","20349","","","224842361987","7.99"
"For Samsung Galaxy S22 Ultra/S22+/S22 Bling Glitter Case Shockproof Slim Cover","Cases, Covers & Skins","20349","","","203831829361","7.99"
"Magnetic Case For Samsung Galaxy S22 Ultra S21 A12 A32 A52 5G Glass Full Cover","Cases, Covers & Skins","20349","","","384809967827","12.99"
"For Samsung Galaxy S22 S22 Plus S22 Ultra Case Shockproof Heavy Duty Armor Cover","Cases, Covers & Skins","20349","","","185289594071","6.96"
"For Samsung Galaxy S22 Ultra/S22+/S22 Liquid Silicone Case Shockproof Slim Cover","Cases, Covers & Skins","20349","","","325019389705","4.94"
"For Samsung Galaxy S22 / Plus / Ultra Case, Ringstand + Tempered Glass Protector","Cases, Covers & Skins","20349","","","224928213507","7.99"
"For Samsung Galaxy S22 S21+ Ultra Case Shockproof Wallet Ring Stand Camera Cover","Cases, Covers & Skins","20349","","","224873108334","9.99"
"For Samsung Galaxy S22 / S22+ Plus S22 Ultra 5G Case Waterproof Shockproof Cover","Cases, Covers & Skins","20349","","","185347315626","16.98"
"Galaxy S22 / S22 Plus / S22 Ultra Case | Spigen [Liquid Air] Shockproof Cover","Cases, Covers & Skins","20349","","","203827289698","15.99"
"For Samsung Galaxy S22 Ultra S22 Plus Case Waterproof Shockproof Full Body Cover","Cases, Covers & Skins","20349","","","125167795712","16.99"
"For Samsung Galaxy S22 Ultra Case Waterproof S22 / S22+ Plus Screen Protector","Cases, Covers & Skins","20349","","","334392290019","15.99"
"Samsung Galaxy S22 Ultra 5G SM-S908N 256/512GB/1TB Factory Unlocked Snapdragon","Cell Phones & Smartphones","9355","","","224831055708","966.66"
"For Samsung Galaxy S22 S22+Ultra Case Cover w/ Belt Clip Fits Otterbox Defender","Cases, Covers & Skins","20349","","","265556341889","9.49"
